{"file_hashes":[{"block_hashes":["iJZaYqMRoH3xb0WzECokTCYK+XR7lUqPmN4XC7jV2fs=","gPuqv3THT00X69D7Ss6NgyZNa4hdb0DBIF17DYUanDQ=","HQzGeIgFCSZ17rh3DFiKnHEXlXczNjpkp9Da+HRioTo="],"block_size":4096,"path":"Background/background.js"},{"block_hashes":["sh+4Jd1HvR4dv0Zz++XJZ44lR7+/vKFNZwLrZ8SzTz4="],"block_size":4096,"path":"Background/contextmenu.js"},{"block_hashes":["EigdpRgPxAlhb5FKjCaP2+cxpuUHwEoOfw3OEDHvVhk="],"block_size":4096,"path":"Background/contextMenuList.js"},{"block_hashes":["QzKGM8MUpXtK+npnyUX1RE8gRzj89WZgO1O5rGYQ5DI="],"block_size":4096,"path":"Background/server.js"},{"block_hashes":["KnWxf9sxdl3Ogx2rL4cef9gCRxmBLaEsFqX18/N1NwQ="],"block_size":4096,"path":"CODE_OF_CONDUCT.md"},{"block_hashes":["ffTt8bQnCvtIqrah88xr0S0TaBNs4age8wPnpu21/P0="],"block_size":4096,"path":"CONTRIBUTING.md"},{"block_hashes":["Pt90VYICmFqsZLaGukjbWldLPOBlqqibp3je6+C1VgI=","a3No9W8u2UsTgToeKW1V7ViMu2tEDvrtJ98v2FmKfJw="],"block_size":4096,"path":"heal.js"},{"block_hashes":["en5JFGlC4jN1DH4PjVk3oQXUv6DrJ1WvebFHapnx7DY=","2Cybq9Ty9SOx+etzXPKbdPftU2lEUToVJYUuYcAmoY4=","5KkJkfUUQpkwnMRaalheN0G1idERNjVCT5TrLRZdB2w="],"block_size":4096,"path":"LICENSE"},{"block_hashes":["c78emoR6+8oXAav9zs9xxxlfnB5CVUvlmPmKQIYke/I=","eszG9w1njYFSUTJDAblq6667OI+vEkRKmeMatWnyGts=","bh5hCeZQITpwMG1yLVgOBYGCuqv94ewESU0yEiCOQg4=","ByTKsg+hI+NOX4OIRFZ2BodMn/D7ju717mic6nOsZJg=","PBa0A0C1PHqhosZqgoVWjnwEVwEJFxAxWnAQ7qxoLy4="],"block_size":4096,"path":"locatorBuilders.js"},{"block_hashes":["XylHodA/I1nOs9XQ6JcCy/e8Aeq+nJNJDE40zENcIUk="],"block_size":4096,"path":"logo-48.png"},{"block_hashes":["LJN3cX9jUYul6caW4AxE2Bttxyd5Z2gmL2FZnGBZTr0=","QYzTBLKbGpsL2VGc/4yd5fdmZzhiNDXdQHrbVoBeZ04="],"block_size":4096,"path":"main.js"},{"block_hashes":["s3fzBF5Bq3JlszJo0yFiHi3Wxlf+ViXF3hI/YyhBTu0="],"block_size":4096,"path":"NOTICE"},{"block_hashes":["PSo4Lr0dVXT6vDVj/FcN8cAtXNYDRT51tj7wdAgGDYw=","V+YbdFY0SmPKU+05qfon1ZGeA50YQy0FYKKcVdT4HBM="],"block_size":4096,"path":"object.js"},{"block_hashes":["45vvgeJgBlamiZBVIKpw4t9/MWu3KGWPrwtvWKWFcPo=","UwOOsZCvdoJzLKAG+vfqbDlj5zDnTln6pFyGEIDr+6Y=","fMrkQAXMUVTWatcmmXk3AEcq4ES2qc54AYcZj1fc2lc=","4hA6grM9x1Ftnr6c+IyqmxOsVxoHPQFLXLXOOekMZzc="],"block_size":4096,"path":"Options/css/style.css"},{"block_hashes":["p22MxMIGB/rvvyvWBM0wZbDg3c3adIFvxIZbq8XnwnI="],"block_size":4096,"path":"Options/favicon.svg"},{"block_hashes":["gMe71XwrWLc8sk8F4/IVnfFj1TdxHZlsdbo+37yXouc=","AUvbkN1wcJXMNwTw3J+Kp/EeIVFuuj2ktfZRNyuJtiY=","OZqCwSBqxVMsIYeaEa47GuyLhztS3zI2pbxntwsLL3U=","aE0MIsDuMNY2M63MHtwjCpyhe+3njBVHiyorsEJMmRg=","vpBaEnUhE7IfSIEeTeDbydZn3G/vPU7zR+W/vdYR7JM="],"block_size":4096,"path":"Options/fonts/glyphicons-halflings-regular.eot"},{"block_hashes":["vjyCHZQC3s9C3ZXF7oMuR6Pip2m0kf5l5w07cPQktoI=","cY76BcUEPIdJuEmevIZUCoI4knMSafcp1QmYSPQm8YU=","gblDf4+OoFkGJsS33SIznrKeUtCB2dwMW5mQ/lqd2Fg=","osAFjM03y7dT+N150WJxH6Tdy1/A+t4mgiDrvdxta1M=","KFxkpQ/X1OIZYmyZV0gnBD0I/7Q4rEoZ12TLPbiZla4=","qJ3HEknpJyUOTKE0xBOczyiuWH8aT4DpD9OpeS0zp8Q=","F1VYRFRKTOwYnQ1IlBzXjmuz+iv2xKKdCB3RkLQX7iA=","iDXFL2HhjUUVNd7MX8osfBZneXw7CzSyzhqhsZMTtwM=","14niXwVWFNKPCD/JhSfVLJ3I51x7Z9aOQ0+DOlRjId0=","rW8jDRaI+nhDuNMKd23M+0OQn1RRQ3sNIuwCoTa4iF8=","LTx3oZUcsYEtIjSxANZJYQdJ9z+1sfCDqQM2n5FqJf4=","z78e1NRcHEDuQRnuaX7DyfGal0BkXo+HPy8ka2aHOSU=","z7soMt9rUic7rJtw31Z/mmpRhmlebZHAdOa3L9Zf688=","z7XnO7wuAzVe83D0h4Pka3yioOgIHXAKPIrUTJStDyY=","9dw/FUCLZu+CiqxocCrJjUix/eVqi5ZSMeP4kk8EJBY=","AxLiEYCfoa2YLoATkp4OH19WxtLN9FzQwT7PCikglKM="],"block_size":4096,"path":"Options/fonts/glyphicons-halflings-regular.svg"},{"block_hashes":["QlQ011qDz9jUuETFijYTeQF0UwR3dIFl0JkDCp7md38=","CyVLaA9xytjDdSAuXdN9R0VuA+8hLoqI8h3dyklpS90=","8AnLdmJH+1AUzrVtt2m6doBEo7ODnf83WL/LNaeEFGs=","VvNkbucsc05rNUX3gZ8PbHcKCXUqgc+x1BKt0hOwlBo=","fJk5YN2lHOHn05XgCaKs1B+myMMPO7wrN1nJHW4cxzc=","8KWzqhvgqm12ZzJxXFhfX4NEaG8IAlWM4RIXbRi74jU=","SBNkCiLLjAwGNcBkULWdutAq9qKE3FVI+pStytMq1Lc=","Rk+5+9SnSgi4z1GuWkTpCmYXhswkPoBskrZXhCWWbiU=","Qc587h7jZrQPtUmyG733tk7zox6FEz89CMgNmfmmTQM=","Bz0adBIUcujFGTtZcaQgXd/vvRLtSzIi/XkLasUPsgI=","X5omcndwWcGLT6picN6ezC0VDt+HbXQj576/59tzLSo="],"block_size":4096,"path":"Options/fonts/glyphicons-halflings-regular.ttf"},{"block_hashes":["6dKHAOmm2kfTpsnl5s+jrvqBBKu0OfwbhI0GhezVcNI=","i49ewFSO3lDDd5OSqo751jAALD8z4hQbuwSh5PWGTYg=","7Jg3sxEc0ViAXMpAZTIWvnamclFenHh364yKk/Zz16Q=","kGyAkSMoM+s3+qwn9pvtcFoSTHQ4eBJgSeFwelrXtGE=","5NSEeJAFyx5LwM6kt/GzBRwYMj1K38WVr6HFc73eXuw=","hyazWkGBK5+71A7ZVrWKN2HQyDnhzgfngdAyfNvwQzc="],"block_size":4096,"path":"Options/fonts/glyphicons-halflings-regular.woff"},{"block_hashes":["ZeN4Yk/p36V4hW7TukdhJBnVTDJONFFezZMIrl3//Po="],"block_size":4096,"path":"Options/img/add.png"},{"block_hashes":["g2iH033/Ohpm6F/golNERH27JGLcLr4qpifb4lklLXE="],"block_size":4096,"path":"Options/img/delete.png"},{"block_hashes":["e9JZ9CcDdI6g6HxZ/ri5dS2L2+P3jpI74Pl4tvzeIEc="],"block_size":4096,"path":"Options/img/done.png"},{"block_hashes":["AhbFMfhC63lvgmiYKOGfBS2ofrfBK9rbE1EQ2VMVB/o="],"block_size":4096,"path":"Options/img/edit.png"},{"block_hashes":["XKLuVveoFzweHvVfGdxSeCmVEGr4nvIoe7rXg/HQzPQ="],"block_size":4096,"path":"Options/img/fail.png"},{"block_hashes":["RFj9ptqqeqrM1OxHi/8zdf3/ubEeysEqq9H5tefRh74="],"block_size":4096,"path":"Options/img/load.png"},{"block_hashes":["mFFd2gdJf+1ntNQFtJSsj03YinsOdn0Rca7gu7OITgk="],"block_size":4096,"path":"Options/img/logo.png"},{"block_hashes":["rVD6OsK2mn6v1tBiBkSfMrdulyIl0G3l14qoCIa9DMs="],"block_size":4096,"path":"Options/img/pass.png"},{"block_hashes":["MoutF1wdM3G3XFLV7UldmNRq5vcurMGmpc+bpcFTIkc=","/J3JY2IGIMBLTZncXTWWEQCz8yQC/foa7Do6o7V4QXc=","yBprcO8B2sIZiKia2YxOOZqCQvc7wiG7zYMBf/E2uPo="],"block_size":4096,"path":"Options/index.html"},{"block_hashes":["4RFOOT6o9agPsrRRRr3TjrVqrJCN/NeqkGrhenkO8H8=","NvXfurKIXgasE5UTN6xbzHZ51F0V8KZuTnE5KhVv2Yc=","G2bc4lj6d+UZEWo8OVAfagDzlBO92R7NDfr9v29Paoc=","d/maISMcOlG0nXd99kDDZNuOxphROMvG4v5JT2jPKeU=","HwFTAGO4Imn8KmMGwnSVfxTyUK0EY1zJhSabHYzP/Eo=","/qf360hHUBD+C74egnuEnoUHOi0B1zwO9SoqPDfgnlk=","dhngbMbJUwzzS7X7N97cMise1oO1Nn37AJ53MjyxuzY=","hul12S7Zwej11jKhEZqjqiOYyeI7nmTPma2YGpjjiz0=","AwJVHTiWpJb5a/LqGoFpZF+gxkLVQMvIycqe+kyYoYE=","lctKj+icwj/evd4i9tmkoEJYigAKm87X2tGSGHZcxu0=","UQvtH4Zm3SBdvs9MbjMcPCKtZKyVi/bzVJ6oWa3T5LY=","rzetvJJ91LIHbE2WgAJhDXtPlnfzDMNNxA0nchnclkA=","oSGVWGcnRlmnmO3Icn8LDjBsDvP7blGJG0HXNOgN6x4=","kn4bO8pOVFR2kWWFXAO3VZH3fH2Ma6U+FKLcxjw9uKg=","QFmwI4XgTTIQgzQ5B+LsxTaLJvgW9Jme4vYN+XmgOuE=","hxExb8Ppm6gffT9HxgnZVvnUQzH0rMneNaDeRUNGFw0=","Sl4b7Wqnd5wxsp73l16uT+WWVzNitvdGnjjihupdM+o=","Qt8Cos9lxyWRXeoKa8CX/wj7yTqfv9mp/EqokfSoCRM=","uFhBkvSjImKvjH4BLkJCAueHWFn6d3pZiriaNi2kMWA=","mRalxDTR+lUd3pNxTN3kc3N8J3d1p6V7Ki4auCS63PU=","rRWusZygK0gN2RFkxn21nRFw2RcwwUICHo34nFcPT70=","LOBewHfJhjbs/oOBciIw77X4SOIn+ZJahPv2ixA/QYM="],"block_size":4096,"path":"Options/js/jquery-3.4.1.min.js"},{"block_hashes":["kSv73w3+8PmuFQMXuD2UP0Da9U6Qm1ELuZWRImQLovg=","7KMc/yL8yyRchxywpu/FufbvQXkh08vTyDapyYo5qTc=","x/p9h2YdpnwSdKZj7lvylQH+1BucoB1k4bXXt4I1ed0=","S5xY6JDJ0MUstIZi0xobJ9r0J/yqvnFd1+xTVJECJP8=","8cn8mCnxIUj1piZJ6x1xT6LBv6hap38spt+VOQD77MQ=","4rpzY3RkyK2RCxJ9OQ5A8WwoAUdwzk1yhuS7qf4m+cA="],"block_size":4096,"path":"Options/js/main.js"},{"block_hashes":["wr2pF+om78rlnawv4KUuIg2ZOhnOYT4PG0wUevTtRtI="],"block_size":4096,"path":"preference.js"},{"block_hashes":["/MM06wJ1VpifTxijSKA6yiT/kDCAq6hf+87huEfEMhI="],"block_size":4096,"path":"README.md"},{"block_hashes":["FdBnkKBpgJZo76g5g4jWeJOMv3aSmeJW+LZVLgzyj/Y=","t2NJ+oUESSAKyXuNUM5UQ1JAv86x1dX8rFk+GdVX6HM="],"block_size":4096,"path":"recorder.js"},{"block_hashes":["TdfR7/Y/RFniHFJzZNUP2eiHxrj09AO+s3xsn9ODI+o="],"block_size":4096,"path":"spy.js"},{"block_hashes":["jhc9GCwvuULKyWmWPXEGwYvW8gfYMo6GQalwYpNi5ZE="],"block_size":4096,"path":"util.js"}],"version":2}